insert into public.genres (id, genre_name)
values  (1, 'Comedy'),
        (2, 'Drama'),
        (3, 'Fantasy'),
        (4, 'Romance');

insert into public.languages (id, lang_name)
values  (1, 'English'),
        (2, 'Українська');

insert into public.users (id, email, avatar, login, password, is_admin)
values  (1, '123@123.123', null, '123', '123456', false),
        (3, 'aboba228@example.com', null, 'user123', 'hello world', false),
        (2, 'user@example.com', null, 'user123', '81dc9bdb52d04dc20036dbd8313ed055', false),
        (4, 'hdfjsh@fghf', null, 'login', 'fghf', false),
        (5, 'user228@example.com', null, 'user228', 'сука блять', false),
        (6, 'kirixo@example.com', null, 'kirixo', '1234', false),
        (7, 'testUser@example.com', null, 'testUser', 'testpass', false),
        (8, 'user123454@example.com', null, 'user123', '81dc9bdb52d04dc20036dbd8313ed055', false),
        (9, 'user12@example.com', null, 'aboba', '228', false),
        (10, 'anton@example.com', null, 'Anton', 'qwerty', false);

insert into public.statuses (id, status_name)
values  (1, 'Reading'),
        (2, 'Complete'),
        (3, 'Archive');


insert into public.books (id, title, description, language_id, authors, year, pages_count, price, cover)
values  (12, 'The Hobbit', 'This stirring adventure fantasy begins the tale of the hobbits that was continued by J.R.R. Tolkien in his bestselling epic "The Lord of the Rings"

Bilbo Baggins was a hobbit who wanted to be left alone in quiet comfort. But the wizard Gandalf came along with a band of homeless dwarves. Soon Bilbo was drawn into their quest, facing evil Orcs, savage wolves, giant spiders, and worse, unknown dangers. Finally, it was Bilbo - alone and unaided - who had to confront the great dragon Smaug, the terror of an entire countryside....', 1, 'Tolkien John Ronald Reuel', 1937, 400, 60.00, 'https://cdn.kobo.com/book-images/cf32789f-22db-4ad0-bba4-9c0bf69fb872/353/569/90/False/the-hobbit.jpg'),
        (2, 'Spice & Wolf', 'Merchant meets spicy wolf! A disgruntled goddess joins a travelling merchant.

The life of a traveling merchant is a lonely one, a fact with which Kraft Lawrence is well acquainted. Wandering from town to town with just his horse, cart, and whatever wares have come his way, the peddler has pretty well settled into his routine-that is, until the night Lawrence finds a wolf goddess asleep in his cart. Taking the form of a fetching girl with wolf ears and a tail, Holo has wearied of tending to harvests in the countryside and strikes up a bargain with the merchant to lend him the cunning of ''Holo the Wisewolf'' to increase his profits in exchange for taking her along on his travels. What kind of businessman could turn down such an offer? Lawrence soon learns, though, that having an ancient goddess as a traveling companion can be a bit of a mixed blessing. Will this wolf girl turn out to be too wild to tame?', 1, 'Isuna Hasekura', 2009, 240, 773.99, 'https://m.media-amazon.com/images/I/8189WuIXZ9L.jpg'),
        (1, 'Першому гравцеві приготуватися', '2044 рік, світ потерпає від енергетичної кризи, панують безробіття і голод. Як і більшість людства, Вейд Воттс рятується від похмурої реальності в ОАЗі – масштабній віртуальній утопії, де можливості обмежуються лише фантазією. І як більшість людства, він мріє здобути найцінніший приз, захований у віртуальному світі. Творець ОАЗи Джеймс Галлідей заповів свій багатомільярдний спадок і саму ОАЗу тому, хто першим знайде три ключі. Полювання починається.', 2, 'Ернест Клайн', 2011, 656, 178.00, 'https://chtyvo.org.ua/content/covers/62397f842d6ec791665f9ba836bbaa1c.jpg'),
        (3, 'Сторонній', ' «Чужий» (1942) — дебютна повість Альбера Камю, яку вважають творчим маніфестом письменника, його проповіддю абсолютної свободи. Людське існування представлено в ній як ланцюжок випадковостей, що практично не залежать від волі людини, яка пристосовується як може до пропонованих умов. Провина головного героя повісті Мерсо у тому, що він не грає за нав’язаними йому правилами, відмовляючись брехати собі та іншим, навіть якщо це шкодить його власній вигоді. Це й перетворює його на чужинця, неприйнятного для суспільства.', 2, 'Альбер Камю', 1942, 148, 153.00, 'https://chtyvo.org.ua/content/covers/f70de9bf627a916dc9a044ac73779846.jpg'),
        (7, 'Степовий вовк', 'Гарі Галер — головний герой роману — називає себе «степовим вовком, який заблукав у тенетах цивілізації». Він книжник-одинак, який зовсім не пристосований до життя і тому думає про те, щоб це життя покинути. Але декілька незвичайних подій вимушують його переглянути свої погляди...', 2, 'Герман Гессе', 1927, 333, 45.10, 'https://static.yakaboo.ua/media/catalog/product/i/m/img_74945.jpg'),
        (13, 'The Fellowship of The Ring', 'The Fellowship of the Ring is the first part of J.R.R.Tolkien''s epic adventure, The Lord Of The Rings.

Sauron, the Dark Lord, has gathered to him all the Rings of Power - the means by which he intends to rule Middle-earth. All he lacks in his plans for dominion is the One Ring - the ring that rules them all - which has fallen into the hands of the hobbit Bilbo Baggins.

In a sleepy village in the Shire, young Frodo Baggins finds himself faced with an immense task, as his elderly cousin Bilbo entrusts the Ring to his care. Frodo must leave his home and make a perilous journey across Middle-earh to the Cracks of Doom, there to destroy the Ring and foil the Dark Lord in his evil purpose.', 1, 'Tolkien John Ronald Reuel', 1953, 500, 90.00, 'https://cdn.kobo.com/book-images/7a557cb3-f72a-47c3-992b-951c9566e4d4/353/569/90/False/the-fellowship-of-the-ring-the-lord-of-the-rings-book-1-1.jpg'),
        (27, 'Граф Монте-Крісто', 'Сюжет роману «Граф Монте-Крісто» Александр Дюма взяв із архівів паризької поліції. Справжнє життя Франсуа Піко під пером майстра жанру перетворилося на захопливу історію про Едмона Дантеса, в’язня замку Іф. Після зухвалої втечі він повертається в рідне місто, щоб здійснити правосуддя – помститися тим, хто зруйнував його життя.', 2, 'Олександр Дюма', 1846, 1200, 200.00, 'https://static.yakaboo.ua/media/catalog/product/c/o/cover_121_11.jpg'),
        (32, 'Мати або бути?', 'Наше життя — це два вектори існування. Перший — «мати», зумовлений жагою примноження, культом споживання, реклами та маркетинговими хитрощами. На противагу «мати» постає другий вектор — екзистенціальне «бути», спрямоване всередину себе. Це бажання осягнути суть. Як ці дві паралелі співіснують у буденності?

Психоаналітик Еріх Фромм подає власне розуміння одвічної дилеми «мати або бути», яка становить найсуттєвішу проблему людського існування, підкороюючи собі все, що нас оточує.', 2, 'Еріх Фромм', 1976, 344, 160.00, 'https://static.yakaboo.ua/media/catalog/product/5/4/54547_101661_3.jpg'),
        (4, 'Брама Рашьомон', 'Рюноске Акутаґава (1892–1927) – один із найпопулярніших у Європі японських письменників, визнаний майстер традиційного для Японії короткого оповідання. У новелах і есеях, що містить ця книжка, він досліджує рух душі людини, проходячи через біль, не прихований навіть маскою гумору: «У мене немає совісті. У мене є тільки нерви...» Погляди письменника парадоксальні, судження – несподівані. Химерне переплетіння вигадки й реальності, м’яка іронія та лаконізм – характерні риси літературного стилю Агутаґави. Він подарував світу свіжий погляд на забуті сюжети старовинних хронік, середньовічних притч, довівши багатьом поколінням читачів, що людська природа незмінна, а безодня людської душі темна й небезпечна.', 2, 'Рюноске Акутаґава', 1915, 500, 98.00, 'https://encrypted-tbn0.gstatic.com/shopping?q=tbn:ANd9GcT46FHyUXPtWvh8fO57hAV9UhCTJVgWl7TEIh_RwbrKlpqudOogShjyQwvj4lwl5QQVnZnFcWjaOSLPULr7CZQe8PEG8mKtXCKsUmvmnQ_lZLWklUdaToJb'),
        (5, 'Тигролови', 'Роман Івана Багряного «Тигролови» (1944) — перший великий твір письменника, в якому вражаюче правдиво зображено страшну людську трагедію в часи сталінських репресій. Герой роману, як тисячі й тисячі тих, хто потрапив у лабети НКВС, приречений канути у безвість, щезнути. Та не такий Григорій Многогрішний, нащадок славетного козацького роду, щоби скоритися долі. Його веде віра у свою силу і правду. Це й допомагає йому вистояти за будь-яких обставин, повернути собі свободу, а разом з нею і життя.', 2, 'Іван Багряний', 1944, 467, 77.88, 'https://chtyvo.org.ua/content/covers/c1f2fd701e64522ae763190a50f7f5d0.jpg'),
        (6, 'На Мармурових скелях', '«На Мармурових скелях» – перший художній роман Ернста Юнґера, що вийшов друком 1939 року, незадовго до початку Другої світової війни. У цьому творі автор у формі метафоричної притчі змальовує зіткнення добра і зла, спокійного упорядкованого світу та тоталітаризму.

Сюжет твору розгортається навколо двох братів, які живуть на Мармурових скелях, займаючись ботанікою, плекаючи рослини, читаючи, навчаючись, застосовуючи здобуті знання для дослідження таємниць природи, п’ючи вино, втішаючись плодами своєї праці та тихим і мирним життям. Однак у світі під скелями починають ворохобитися темні сили, які загрожують самим основам їхнього звичного способу існування. На довколишніх теренах здобуває владу старший лісничий, спраглий насильства, байдужий до наук, мистецтв, гармонії з природою та звичного ладу життя, тож силам добра доводиться стати супроти зла, що шириться світом.', 2, 'Ернст Юнґер', 1939, 381, 189.00, 'https://static.yakaboo.ua/media/catalog/product/1/0/1092_1_2.jpg'),
        (8, 'Маніфест Унабомбера', 'Цей матеріал не написаний спеціально для України й спеціально про Україну. Але тим не менш є надзвичайно цікавим і корисним для українського читача. В першу чергу тому, що показує йому, що Качинський бунтує, у розвинутому "щасливому" суспільстві США, проти тих самих вад, за які українці зненавиділи комуністичну систему. Качинський бунтує проти бездушної, глухої системи, що підминає людину. Систему, для якої людина — лише гвинтик чи шестерня.', 2, 'Теодор Качинський', 1995, 80, 98.88, 'https://static.yakaboo.ua/media/catalog/product/i/m/img975_cr_3.jpg'),
        (11, 'Маленький принц', 'У зворушливій, сповненій тонкого ліризму казці «Маленький принц» автор розповідає про незвичайні пригоди маленького чарівного хлопчика, який у всьому бачить щось чудне і незбагненне.

Твір змушує читача замислитися над важливими питаннями життя і людських стосунків, над такими неминущими цінностями, як любов і вірність, пройнятись почуттям обов’язку перед іншими людьми та відповідальності за них.', 2, 'Антуан де Сент-Екзюпері', 1942, 228, 22.00, 'https://static.yakaboo.ua/media/catalog/product/c/o/cover_462_30.jpg'),
        (14, 'The Two Towers', 'The second volume in J.R.R. Tolkien''s epic adventure "The Lord of the Rings".

Frodo and his Companions of the Ring have been beset by danger during their quest to prevent the Ruling Ring from falling into the hands of the Dark Lord by destroying it in the Cracks of Doom. They have lost the wizard, Gandalf, in a battle in the Mines of Moria. And Boromir, seduced by the power of the Ring, tried to seize it by force. While Frodo and Sam made their escape, the rest of the company was attacked by Orcs.

Now they continue the journey alone down the great River Anduin - alone, that is, save for the mysterious creeping figure that follows wherever they go.', 1, 'Tolkien John Ronald Reuel', 1954, 500, 120.00, 'https://cdn.kobo.com/book-images/18db1771-f965-43c1-9677-f33f84630149/353/569/90/False/the-two-towers-the-lord-of-the-rings-book-2-1.jpg'),
        (15, 'The Return of The King', 'The third volume in J.R.R. Tolkien''s epic adventure "The Lord of the Rings".

As the Shadow of Mordor grows across the land, the Companions of the Ring have become involved in separate adventures, Aragorn, revealed as the hidden heir of the ancient Kings of the West, has joined with the Riders of Rohan against the forces of Isengard, and takes part in the desperate battle of the Hornburg. Merry and Pippin, captured by Orcs, escape into Fangorn Forest and there encounter the Ents.

Gandalf has miraculously returned and defeated the evil wizard, Saruman. Sam has left his master for dead after a battle with the giant spider, Shelob; but Frodo is still alive - now in the foul hands of the Orcs.

Meanwhile, the armies of the Dark Lord are massing as the One Ring draws ever nearer to the Cracks of Doom.', 1, 'Tolkien John Ronald Reuel', 1955, 600, 150.00, 'https://cdn.kobo.com/book-images/58255b54-ad3e-4e7b-9522-fb57ee51b942/353/569/90/False/the-return-of-the-king-the-lord-of-the-rings-book-3-1.jpg'),
        (16, 'Нудота', 'Щось починається й одразу завершується. Це просто подія, яка трапилась і яких регулярно трапляється чимало, чи вже пригода, що не надається до продовження і лише кінець надає їй сенсу? Що таке життя, і чи воно тотожне існуванню? І якщо ні, то що ж таке існування, якщо нудить і від того, й від того? Роман «Нудота» є майстерним художнім утіленням засадничих питань філософії екзистенціалізму, відповідей на які Жан-Поль Сартр дошукувався впродовж усього життя. Так само відповідей на ці питання дошукується головний герой книги — письменник Антуан Рокантен. Він нотує свої розмисли про абсурдність буття, еротично-сюрреалістичні видіння й нудотні міркування про ворожість довкілля, не підозрюючи, що ввіряє сторінкам щоденника суть існування — себе.', 2, 'Жан-Поль Сартр', 1938, 228, 137.00, 'https://static.yakaboo.ua/media/catalog/product/c/o/cover_10_2.png'),
        (17, 'Прощавай зброє', '«Прощавай, зброє» - один із найвидатніших американських романів про Першу світову війну. Захоплива, частково біографічна оповідь Ернеста Гемінґвея висвітлює жорстокі реалії війни. У ній знаменитий гемінґвеївський телеграфний стиль перемежовується вкрапленнями потоку свідомості, і від того емоції твору сприймаються особливо гостро. Це історія мужності і страху, побратимства, любові та болю. Історія, у якій однаково сильно звучать почуття обов’язку та відчуття «не твоєї війни». Незабутня історія кохання, яке є лиш ілюзорним острівцем спокою і щастя.', 2, 'Ернест Гемінґвей', 1929, 200, 56.00, 'https://chtyvo.org.ua/content/covers/eb4ca201c7dcf1f29bc486f5522e8f6c.png'),
        (18, 'Сніги Кіліманджаро', '«Сніги Кіліманджаро» — збірка короткої прози Ернеста Гемінґвея різних років. Ці оповідання вражають глибиною і безпомильною точністю образів, у них довершено втілюється славнозвісний «принцип айсберга», винайдений самим Гемінґвеєм. Екзотичні сцени африканського сафарі контрастують із лісовою красою Мічигану, а ще — із особливою поетикою буденності, в яку повністю поринають герої, щоб відволіктися від тривожних і страшних думок.', 2, 'Ернест Гемінґвей', 1936, 200, 80.00, 'https://static.yakaboo.ua/media/catalog/product/i/m/img487_2_35.jpg'),
        (19, 'Наодинці з собою', '"Наодинці з собою" Марка Аврелія – записки з мандрівки до самого себе. Посідаючи владу над величезною державою, римський імператор Марк Аврелій Антонін наполегливо шукає себе як простого громадянина Всесвіту. Спомогою в цьому – філософія, зокрема вчення стоїків: з одного боку – послідовно матеріалістичне, з іншого – одне з найодухотвореніших у європейській інтелектуальній історії.
', 2, 'Марк Аврелій', 170, 300, 200.00, 'https://static.yakaboo.ua/media/catalog/product/5/4/54143_100903_4.jpg'),
        (20, '451° за Фаренгейтом', 'Що трапилося з нашим світом? Чому пожежники спалюють будинки, а не гасять пожежі? Чому люди не читають книг, не ходять пішки і майже не розмовляють одне з одним? Який вигляд матиме наша Земля та якими будуть люди, якщо заборонити їм читати книги? Зі сторінок одного з найкращих творів Рея Бредбері ви дізнаєтеся, чи зуміють люди майбутнього зберігати книги для наступних поколінь, хто повстане проти панівної системи і як зустріч із дівчиною Кларіс змінить життя пожежника Ґая Монтеґа…', 2, 'Рей Бредбері', 1953, 333, 50.00, 'https://static.yakaboo.ua/media/catalog/product/9/7/978-966-10-1009-2.jpg'),
        (21, 'Так казав Заратустра', '«Так казав Заратустра. Книжка для всіх і ні для кого» – це філософський роман-трактат Фрідріха Ніцше, написаний у 1883-1885 роках, зміст якого обертається навколо ідей вічного повторення, «смерті Бога» та пророцтва про надлюдину. Головний персонаж – переосмислений Ніцше пророк зороастризму Заратустра, що повертається з проповіддю до людства після тривалого усамітнення в горах.', 2, 'Фрідріх Ніцше', 1885, 467, 217.00, 'https://static.yakaboo.ua/media/catalog/product/9/7/978-966-10-7979-2.jpg'),
        (22, 'Бійцівський клуб', 'Цей роман не лише розхитує основи. Він підриває їх, як терорист підриває вибухівкою хмарочос. Він б’є в обличчя фактами, які важко спростувати. А вам залишається тільки, як боксеру-невдасі, пропускати удар за ударом. Без надії на хеппі-енд, але з надією, що на місці знищеної цивілізації відродиться щось більш людяне. Що хтось пожаліє китів, яких убивають заради коштовних парфумів. Що рак і безсоння не будуть убивати людей. Що можна буде посміятися зі смерті. Побачити її страшну красу. І зрозуміти сенс життя.', 2, 'Чак Паланік', 1996, 190, 120.00, 'https://static.yakaboo.ua/media/catalog/product/i/m/img951_69.jpg'),
        (23, 'Ловець у житі', 'Історію життя Голдена Колфілда — проблеми дорослішання, підліткова туга та бунтарство — 2005 року додали до списку 100 найліпших англомовних творів за версією Time, Modern Library та багатьох інших читацьких списків. Публікацію та поширення твору часто намагалися заборонити через суд, пояснюючи це вільним вживанням ненормативної лексики та описами сексуальних сцен, що тільки посилювало бажання кожного підлітка дістатися рядків цієї книги.', 2, 'Джером Д. Селінджер', 1951, 278, 27.00, 'https://static.yakaboo.ua/media/catalog/product/f/2/f2f72577e17f05173ae5afd48ea63a0c.jpg'),
        (24, 'Вогонь і кров', 'Натхненні та захопливі тексти звично для автора ведуться у формі щоденника, що, разом із листуванням з ріднею письменника, є логічним продовженням осмислення Юнґером феномену війни, побратимства та нового світового порядку з часу написання першого роману «В сталевих грозах».

Книга призначена для всіх, хто палає серцем і на чиїх плечах лежить важкою ношею доля всього світу.', 2, 'Ернст Юнгер
', 1925, 328, 150.00, 'https://static.yakaboo.ua/media/catalog/product/i/m/img_15060.jpg'),
        (25, 'Скляні бджоли', 'Роман «Скляні бджоли», який зачіпає теми стрімкого технологічного прогресу та заміни живого штучною імітацією, лише на перший погляд є фантастичним, адже у глибинних пластах цього тексту — міркування Юнґера про стрімкий поступ людства і занадто швидку зміну основ життя, коли в одвічному прагненні до спрощення і спокою люди натомість завжди отримують ще складніше життя, сповнене тривог і позбавлене щастя. І далеко не всім знайдеться місце у такому новому механістичному та прагматичному світі.
Не всі кавалеристи однаково успішно здатні пересісти із коней старої традиції на танки прогресу, і головний герой роману, ротмістр Ріхард, якраз один із таких. У пошуках роботи, якої залишається все менше для людей попередньої генерації, життя зводить Ріхарда із загадковим та величним Цаппароні — творцем могутньої компанії з виготовлення роботів та маріонеток. Попередник Ріхарда на цьому місці за короткий час втратив глузд, і тепер Цаппароні шукає нового фахівця для виконання певних делікатних завдань. Але для прийняття остаточного рішення Ріхард має пройти тест, суть якого він не зовсім розуміє і який поступово починає набирати гротескного та зловісного забарвлення.', 2, 'Ернст Юнгер', 1957, 170, 35.00, 'https://chtyvo.org.ua/content/covers/e7c53b323379d6758d60d4debb37cc11.jpg'),
        (26, 'Людина в пошуках справжнього сенсу', 'Три роки ув’язнення в концентраційних таборах Дахау і Освенцим, голод, приниження, нелюдська жорстокість та страждання – не кожен зміг вижити в таких умовах, а написати про свій досвід життєстверджуючий твір наважився лише Віктор Франкл, австрійський психолог і філософ, засновник логотерапії.

«Людина у пошуках справжнього сенсу: Психолог у концтаборі» розійшлась накладом в 10 мільйонів примірників і перекладена на 24 мови світу. Книга складається з двох частин: власне ув’язнення, опис життя в концтаборі та роз’яснення, спостереження та виведення нового психіатричного методу – логотерапії і введення поняття проактивності.

Згідно з його теоріями, між подіями, які випали на долю людини, і її ставленням до них лежить свободна воля. Інакше кажучи, ми самі вибираємо, як ставитися до свого життя і навколишнього світу. Сучасна психіатрія й досі спирається на тези, виведені Франклом, і визнає його величезний внесок у пошук сенсу і мотивацію людського існування.
', 2, 'Віктор Франкл', 1946, 289, 146.00, 'https://static.yakaboo.ua/media/catalog/product/f/i/file_1203_2.jpg'),
        (10, 'Робінзон Крузо', 'Приголомшливий роман про виживання людини серед дикої природи. Після корабельної аварії моряк Робінзон Крузо опиняється на безлюдному острові. Він єдиний вижив – всі інші загинули. Спочатку його охоплює відчай, але життя триває, і йому залишається тільки почати облаштовуватися на острові, тим більше що частина речей з корабля, який сів на мілину неподалік від берега, вдалося врятувати. Попереду його чекають неймовірні пригоди і безліч випробувань…', 2, 'Даніель Дефо', 1719, 385, 100.00, 'https://static.yakaboo.ua/media/catalog/product/c/o/cover_121_1.jpg'),
        (28, 'Острів скарбів', 'Таємнича карта, безлюдний острів, захопливий пошук скарбів, смертельні сутички з піратами — у всесвітньо відомому романі Роберта Луїса Стівенсона є все, що потрібно справжнім поціновувачам морських пригод. Юний Джим Гокінс, капітан Смоллетт, сквайр Трелоні, лікар Лівсі та власник таверни «Підзорна Труба» Джон Сільвер разом із командою вирушають у ризиковану експедицію. Маючи цінну карту, вони прагнуть потрапити на безлюдний острів, де заховані скарби легендарного пірата Флінта. Але під час подорожі з’ясовується, що частина команди з піратським минулим замислила недобре. Щоб зберегти собі життя та врешті знайти заповітний скарб, Джиму та його друзям доведеться виявити неабияку кмітливість і навіть узяти до рук зброю.', 2, 'Роберт Луїс Стівенсон', 1883, 300, 95.00, 'https://static.yakaboo.ua/media/catalog/product/6/8/687f3247b6d1c46af8a0bbb2b6ded827.jpg'),
        (29, 'Володар мух', 'На початку світової війни внаслідок авіатрощі група дітлахів опиняється на безлюдному острові. Залишившись без доскіпливого нагляду дорослих, вони радісно сприймають отриману свободу робити все, що завгодно. Діти намагаються створити суспільство з власними законами, однак зазнають невдачі, відчувши справжню силу насилля, гріха та зла. Руйнується усталений порядок взаємовідносин, дивні страхітливі звуки розносяться нічним повітрям. І коли страх оселяється у дитячих серцях, сподівання на веселу мандрівку, сповнену цікавих пригод, починає здаватися далеким від реальності, як і надія на порятунок.

Названий притчею, алегорією, міфом, казкою про мораль, пародією, політичним трактатом, навіть баченням прийдешнього апокаліпсису, «Володар мух» — це, мабуть, найвизначніший роман про «колишню невинність», «темряву людського серця».', 2, 'Вільям Голдінг', 1954, 356, 100.00, 'https://static.yakaboo.ua/media/catalog/product/1/9/1985_1_2.jpg'),
        (30, 'Тисячоликий герой', '«Тисячоликий герой» славетного американського історика, письменника і мислителя Джозефа Кемпбелла – фундаментальне дослідження міфології людства, що переконливо доводить: всі міфи світу побудовані за однією і тією ж матрицею, яку автор називає «мономіфом». Котигорошко, Прометей, Іванко Дурник, Еней чи Фродо – всі ці персонажі вирушають у власну героїчну подорож, етапи якої розгортаються за спільною для всіх схемою: герой мандрує у світ Невідомого, проходить крізь нелюдські випробування, звершує подвиги, за що отримує дар, здобуває скарб і повертається у славі. Ми захоплюємось міфічними книжковими чи кіногероями, але часто не бачимо нічого геройського в собі, не сприймаємо власне життя як героїчну пригоду. А дарма. Бо насправді кожен із нас – герой власного міфу, що вирушає в особисту героїчну подорож і, як Котигорошко чи Фродо, має здолати власного дракона і стати кращою версією себе. Кемпбелл закликає нас ставати героями власного життя, і ця книга – дороговказ на шляху до цієї мети. «Тисячоликий герой» став джерелом натхнення для багатьох відомих вчених і митців, зокрема для Джорджа Лукаса, творця кіноепопеї «Зоряні війни».', 2, 'Джозеф Кемпбелл', 1949, 500, 250.00, 'https://static.yakaboo.ua/media/catalog/product/i/m/img_86603.jpg'),
        (31, 'Martin Eden', 'The semiautobiographical Martin Eden is the most indispensable and unique person Jack London at any point made. Set in San Francisco, this is the narrative of Martin Eden, a devastated sailor who seeks after, fanatically and forcefully, dreams of training and abstract notoriety. London, disappointed with the awards of his own prosperity, planned Martin Eden as an assault on independence and an analysis of aspiration; nonetheless, quite a bit of its status as an exemplary has been given by admirers of its aggressive hero. Andrew Sinclair''s wide-going presentation examines the contention between London''s help of communism and his strong self-will. Sinclair additionally investigates the equals and divergences between the existence of Martin Eden and that of his maker, zeroing in on London''s psychological melancholies and what they meant for his portrayal of Eden.', 1, 'Jack London', 1909, 400, 70.00, 'https://www.double9books.com/cdn/shop/files/9789356560819_eaeeee36-9057-41b6-9bcc-1fc8942ad80b.jpg?v=1733391230&width=2400'),
        (33, 'Чарівник країни Оз', 'Повість-казка популярного американського письменника Л.Ф.Баума розповідає про дивовижні пригоди дівчинки Дороті та її щирих друзів – Страшила, Бляшаного Лісоруба, Лева та песика Тото. Разом вони мандрують дорогами чарівної Країни Оз. Чимало випробувань трапляється їм на шляху, але завдяки міцній дружбі, винахідливості та згуртованості наші герої успішно долають усі перепони.', 2, 'Лаймен Френк Баум', 1900, 100, 44.00, 'https://static.yakaboo.ua/media/catalog/product/6/7/676_1_2.jpg'),
        (34, 'Божественна комедія', 'Плід усього життя «Суворого Данта» (так назвав геніального італійця Пушкін), творіння, яке в епоху середньовіччя стало передвісником Відродження, праця, що стоїть у ряду найбільших досягнень людської думки, — так говорили, говорять і говоритимуть про твір, який сам Данте Аліг''єрі назвав просто «комедією», а його нащадки нарекли «Божественною». У своєму найграндіознішому витворі в символічно-алегоричній формі поет зобразив драматичну долю людської душі: її загибель у пеклі, переродження в чистилищі, тріумф у раю.', 2, 'Данте Аліг''єрі', 1321, 1300, 78.00, 'https://static.yakaboo.ua/media/catalog/product/i/m/img469_2_4.jpg'),
        (35, 'Вільшаний король', 'Назва «Вільшаний король» перегукується з германською міфологією і є глибоко символічною. Але сам роман наштовхує на думку про універсальніший міф, а саме міф про Людожера. Його головний герой Авель Тифож глибоко переконаний, що існує потаємна узгодженість між плином речей та його особистою долею. Він має в собі щось від чарівника й людожера, обидва ці образи глибоко притаманні французькому фольклору, а тому роман Турньє багато критиків вважають чи не найбільш значущим романом французької літератури двадцятого сторіччя.', 2, 'Мішель Турньє', 1970, 600, 200.00, 'https://static.yakaboo.ua/media/catalog/product/2/2/222447_97632945.jpg'),
        (36, 'Енеїда', 'Запозичивши сюжет античної поеми Вергілія, Котляревський наповнив цей твір дотепним українським гумором, повір’ями, звичаями, картинами воєнного і мирного життя, описом одягу, страв — усе це надає поемі яскравого національного колориту. «Енеїду» сміливо можна назвати своєрідною енциклопедією українського побуту кінця ХVІІІ — початку ХІХ століття.', 2, 'Іван Котляревський', 1798, 400, 59.00, 'https://static.yakaboo.ua/media/catalog/product/c/o/cover_198_4.jpg');


insert into public.lists (id, user_id, book_id, status_id)
values  (1, 1, 1, 1);

insert into public.carts_content (id, user_id, book_id)
values  (3, 1, 2),
        (4, 1, 3),
        (5, 1, 5),
        (6, 1, 6),
        (7, 2, 2),
        (8, 2, 6),
        (9, 2, 5),
        (10, 2, 7),
        (11, 3, 7),
        (12, 3, 3),
        (13, 3, 4),
        (14, 1, 3),
        (15, 1, 4),
        (19, 5, 4),
        (18, 5, 6),
        (16, 5, 4),
        (17, 5, 7);

insert into public.book_files (id, path, book_id, type)
values  (1, './bookfiles/spice_and_wolf_vol_1.c_fb2', 2, 'c_fb2'),
        (6, './bookfiles/Na_Marmurovykh_skeliakh.c_fb2', 4, 'c_fb2'),
        (8, './bookfiles/Robinzon_Kruzo_vyd_2013.c_fb2', 10, 'c_fb2');